{
  "model_name": "logreg",
  "model_version": "v1.3.0-model-comparison",
  "accuracy": 0.8536050156739812,
  "precision": 0.6950294860994103,
  "recall": 0.8870967741935484,
  "f1_score": 0.7794048181388757,
  "roc_auc": 0.9462679607955087,
  "confusion_matrix": {
    "tp": 825,
    "fp": 362,
    "tn": 1898,
    "fn": 105
  },
  "feature_importance": {
    "Income_Level": 0.03651313790326129,
    "Satisfaction_Score": 0.4766274985839339,
    "Discount_Used": 0.012088678142855216,
    "Age": 0.01968482556125705,
    "Number_of_Subscriptions": 1.7437329648532636,
    "Tenure_Months": 0.05133916791556248,
    "Monthly_Total_Spend": 0.11393928566521734,
    "Avg_Usage_Hours_Per_Week": 0.5692791843715367,
    "App_Switch_Frequency": 1.6440601875139564,
    "Customer_Support_Interactions": 2.001190715747652,
    "Spend_Per_Subscription": 0.27688007447550206,
    "Usage_Per_Subscription": 0.1029613694242549,
    "Interactions_Per_Tenure_Month": 0.03326395449063141,
    "Engagement_Score": 0.8513188716872806,
    "Risk_Indicator": 0.44910980916121895,
    "Device_Type_Web": 0.13835145169606825,
    "Device_Type_iOS": 0.0613844123560437,
    "Payment_Mode_Debit Card": 0.04483178700267857,
    "Payment_Mode_UPI": 0.04061193019048185,
    "Payment_Mode_Wallet": 0.03677356300263029
  },
  "train_accuracy": 0.8519912198181248,
  "test_accuracy": 0.8536050156739812,
  "overfitting_gap": -0.0016137958558564147,
  "cv_roc_auc": 0.9373812569019935,
  "cv_f1_score": 0.7721525653468595,
  "evaluated_at": "2026-07-10T21:39:05.048990"
}