model_name,roc_auc,accuracy,precision,recall,f1,confusion_matrix
logreg,0.9447687696260348,0.8586206896551725,0.703483432455395,0.8903225806451613,0.7859515899383009,"[[1911, 349], [102, 828]]"
rf,1.0,1.0,1.0,1.0,1.0,"[[2260, 0], [0, 930]]"
catboost,1.0,1.0,1.0,1.0,1.0,"[[2260, 0], [0, 930]]"
