{
  "logreg": {
    "train_accuracy": 0.8519912198181248,
    "test_accuracy": 0.8536050156739812,
    "accuracy_gap": -0.0016137958558564147,
    "precision": 0.6950294860994103,
    "recall": 0.8870967741935484,
    "f1_score": 0.7794048181388757,
    "roc_auc": 0.9462679607955087,
    "confusion_matrix": [
      [
        1898,
        362
      ],
      [
        105,
        825
      ]
    ],
    "cv_roc_auc": 0.9373812569019935,
    "cv_f1": 0.7721525653468595,
    "is_overfitted": "No"
  },
  "rf": {
    "train_accuracy": 1.0,
    "test_accuracy": 1.0,
    "accuracy_gap": 0.0,
    "precision": 1.0,
    "recall": 1.0,
    "f1_score": 1.0,
    "roc_auc": 1.0,
    "confusion_matrix": [
      [
        2260,
        0
      ],
      [
        0,
        930
      ]
    ],
    "cv_roc_auc": 0.9999959849834539,
    "cv_f1": 0.9973027609884599,
    "is_overfitted": "Yes"
  },
  "gb": {
    "train_accuracy": 1.0,
    "test_accuracy": 1.0,
    "accuracy_gap": 0.0,
    "precision": 1.0,
    "recall": 1.0,
    "f1_score": 1.0,
    "roc_auc": 1.0000000000000002,
    "confusion_matrix": [
      [
        2260,
        0
      ],
      [
        0,
        930
      ]
    ],
    "cv_roc_auc": 0.9999988095316065,
    "cv_f1": 0.9989229210870112,
    "is_overfitted": "Yes"
  },
  "xgboost": {
    "train_accuracy": 1.0,
    "test_accuracy": 1.0,
    "accuracy_gap": 0.0,
    "precision": 1.0,
    "recall": 1.0,
    "f1_score": 1.0,
    "roc_auc": 1.0,
    "confusion_matrix": [
      [
        2260,
        0
      ],
      [
        0,
        930
      ]
    ],
    "cv_roc_auc": 1.0,
    "cv_f1": 1.0,
    "is_overfitted": "Yes"
  },
  "catboost": {
    "train_accuracy": 1.0,
    "test_accuracy": 1.0,
    "accuracy_gap": 0.0,
    "precision": 1.0,
    "recall": 1.0,
    "f1_score": 1.0,
    "roc_auc": 1.0,
    "confusion_matrix": [
      [
        2260,
        0
      ],
      [
        0,
        930
      ]
    ],
    "cv_roc_auc": 1.0,
    "cv_f1": 1.0,
    "is_overfitted": "Yes"
  }
}